Image,target
508.jpg,kathakali
246.jpg,kathakali
473.jpg,odissi
485.jpg,kathakali
128.jpg,bharatanatyam
410.jpg,odissi
465.jpg,odissi
196.jpg,kathakali
340.jpg,sattriya
467.jpg,odissi
306.jpg,odissi
171.jpg,bharatanatyam
323.jpg,sattriya
332.jpg,sattriya
330.jpg,sattriya
170.jpg,bharatanatyam
479.jpg,kathakali
9.jpg,kathak
283.jpg,mohiniyattam
114.jpg,odissi
507.jpg,odissi
183.jpg,kathakali
200.jpg,kathakali
457.jpg,odissi
264.jpg,mohiniyattam
194.jpg,kathakali
518.jpg,sattriya
175.jpg,kathakali
64.jpg,kathakali
152.jpg,bharatanatyam
270.jpg,mohiniyattam
125.jpg,kuchipudi
38.jpg,kathakali
440.jpg,bharatanatyam
302.jpg,mohiniyattam
394.jpg,kathakali
448.jpg,odissi
463.jpg,odissi
20.jpg,manipuri
301.jpg,odissi
28.jpg,kathak
61.jpg,odissi
398.jpg,odissi
349.jpg,sattriya
271.jpg,mohiniyattam
286.jpg,mohiniyattam
431.jpg,kathakali
316.jpg,kathakali
224.jpg,kathakali
411.jpg,odissi
278.jpg,mohiniyattam
456.jpg,odissi
45.jpg,kathak
324.jpg,sattriya
6.jpg,kathak
59.jpg,kathakali
86.jpg,kathakali
470.jpg,odissi
374.jpg,odissi
132.jpg,bharatanatyam
216.jpg,kathakali
95.jpg,manipuri
17.jpg,odissi
162.jpg,odissi
346.jpg,kathakali
439.jpg,mohiniyattam
232.jpg,kathakali
150.jpg,odissi
401.jpg,odissi
145.jpg,bharatanatyam
23.jpg,kathakali
514.jpg,odissi
193.jpg,kathakali
416.jpg,odissi
447.jpg,odissi
220.jpg,kathakali
505.jpg,odissi
147.jpg,odissi
210.jpg,kathakali
40.jpg,kathak
284.jpg,mohiniyattam
55.jpg,kathak
378.jpg,odissi
520.jpg,odissi
484.jpg,odissi
112.jpg,mohiniyattam
360.jpg,mohiniyattam
317.jpg,sattriya
71.jpg,kathakali
202.jpg,kathakali
92.jpg,manipuri
11.jpg,kathak
67.jpg,bharatanatyam
138.jpg,bharatanatyam
506.jpg,bharatanatyam
146.jpg,bharatanatyam
318.jpg,kuchipudi
198.jpg,kathakali
375.jpg,odissi
41.jpg,odissi
421.jpg,manipuri
129.jpg,kathakali
14.jpg,kathak
460.jpg,odissi
34.jpg,kathak
380.jpg,odissi
238.jpg,kathakali
392.jpg,odissi
80.jpg,manipuri
517.jpg,odissi
13.jpg,kathak
189.jpg,kathakali
390.jpg,odissi
487.jpg,odissi
438.jpg,kuchipudi
482.jpg,odissi
206.jpg,kathakali
217.jpg,kathakali
285.jpg,odissi
385.jpg,kathakali
495.jpg,odissi
269.jpg,odissi
429.jpg,odissi
291.jpg,mohiniyattam
461.jpg,odissi
256.jpg,mohiniyattam
48.jpg,kuchipudi
290.jpg,mohiniyattam
437.jpg,odissi
498.jpg,odissi
173.jpg,bharatanatyam
280.jpg,mohiniyattam
119.jpg,bharatanatyam
363.jpg,kathakali
97.jpg,manipuri
414.jpg,kathakali
386.jpg,kathakali
424.jpg,odissi
157.jpg,kathakali
33.jpg,kathak
354.jpg,kathakali
57.jpg,kathak
108.jpg,manipuri
239.jpg,kathakali
441.jpg,odissi
215.jpg,kathakali
373.jpg,odissi
292.jpg,mohiniyattam
110.jpg,manipuri
510.jpg,odissi
275.jpg,kathakali
366.jpg,sattriya
226.jpg,kathakali
35.jpg,kathak
458.jpg,odissi
358.jpg,sattriya
